INSERT INTO USUARIO (ID, EMAIL, CONTRASENA, ROL) VALUES(1, 'admin@sigma.com', 'admin_pass','ADMIN');
INSERT INTO USUARIO (ID, EMAIL, CONTRASENA, ROL) VALUES(2, 'cliente1@correo.com', 'cliente1_pass', 'CLIENTE');
INSERT INTO USUARIO (ID, EMAIL, CONTRASENA, ROL) VALUES(3, 'cliente2@correo.com', 'cliente2_pass', 'CLIENTE');

INSERT INTO ADMIN (ID, NOMBRE) VALUES(1, 'Juan Perez');

INSERT INTO CLIENTE (ID, NOMBRE, FECHA_REGISTRO) VALUES(2, 'Ana Gomez', '2025-09-15');
INSERT INTO CLIENTE (ID, NOMBRE, FECHA_REGISTRO) VALUES(3, 'Carlos Rodriguez', '2025-09-15');

-- Sedes (múltiples por ciudad)
INSERT INTO SEDE (ID, NOMBRE, CIUDAD) VALUES (1, 'Salitre Plaza',     'Bogotá');
INSERT INTO SEDE (ID, NOMBRE, CIUDAD) VALUES (2, 'Gran Estación',     'Bogotá');
INSERT INTO SEDE (ID, NOMBRE, CIUDAD) VALUES (3, 'Parque La Colina',  'Bogotá');
INSERT INTO SEDE (ID, NOMBRE, CIUDAD) VALUES (4, 'Viva Envigado',     'Medellín');
INSERT INTO SEDE (ID, NOMBRE, CIUDAD) VALUES (5, 'El Tesoro',         'Medellín');

-- Salas por sede
INSERT INTO SALA (ID, NUMERO_SALA, CAPACIDAD, TIPO, SEDE_ID) VALUES(1,  1, 150, '2D', 1);
INSERT INTO SALA (ID, NUMERO_SALA, CAPACIDAD, TIPO, SEDE_ID) VALUES(2,  2, 100, '3D', 1);
INSERT INTO SALA (ID, NUMERO_SALA, CAPACIDAD, TIPO, SEDE_ID) VALUES(3,  3,  80, 'VIP',1);
INSERT INTO SALA (ID, NUMERO_SALA, CAPACIDAD, TIPO, SEDE_ID) VALUES(4,  1, 140, '2D', 2);
INSERT INTO SALA (ID, NUMERO_SALA, CAPACIDAD, TIPO, SEDE_ID) VALUES(5,  2, 110, '3D', 2);
INSERT INTO SALA (ID, NUMERO_SALA, CAPACIDAD, TIPO, SEDE_ID) VALUES(6,  1, 160, '2D', 3);
INSERT INTO SALA (ID, NUMERO_SALA, CAPACIDAD, TIPO, SEDE_ID) VALUES(7,  2,  90, 'VIP',3);
INSERT INTO SALA (ID, NUMERO_SALA, CAPACIDAD, TIPO, SEDE_ID) VALUES(8,  1, 170, '2D', 4);
INSERT INTO SALA (ID, NUMERO_SALA, CAPACIDAD, TIPO, SEDE_ID) VALUES(9,  2, 105, '3D', 4);
INSERT INTO SALA (ID, NUMERO_SALA, CAPACIDAD, TIPO, SEDE_ID) VALUES(10, 1, 120, '2D', 5);

INSERT INTO PELICULA (ID, TITULO, GENERO, CLASIFICACION, DURACION, DIRECTOR, REPARTO, TRAILER, SINOPSIS, ESTADO, POSTER_URL, ESTADO_BOOL) VALUES
(1, 'Dune: Part Two', 'Ciencia ficción', 'PG-13', 166, 'Denis Villeneuve', 'Timothée Chalamet, Zendaya',
'https://www.youtube.com/watch?v=Way9Dexny3w',
'Sigue el viaje mítico de Paul Atreides mientras se une a Chani y los Fremen en una guerra de venganza contra los conspiradores que destruyeron a su familia.',
'En Cartelera', 'src\\main\\resources\\Images\\dune_poster.png', TRUE);

INSERT INTO PELICULA (ID, TITULO, GENERO, CLASIFICACION, DURACION, DIRECTOR, REPARTO, TRAILER, SINOPSIS, ESTADO, POSTER_URL, ESTADO_BOOL) VALUES
(2, 'Joker', 'Thriller psicológico', 'R', 122, 'Todd Phillips', 'Joaquin Phoenix, Robert De Niro',
'https://www.youtube.com/watch?v=zL2Q9C0cK5s',
'Un comediante fracasado desciende a la locura y se convierte en una figura icónica del crimen.',
'En Cartelera', 'src\\main\\resources\\Images\\joker_poster.png', TRUE);

INSERT INTO PELICULA (ID, TITULO, GENERO, CLASIFICACION, DURACION, DIRECTOR, REPARTO, TRAILER, SINOPSIS, ESTADO, POSTER_URL, ESTADO_BOOL) VALUES
(3, 'Godzilla x Kong: The New Empire', 'Acción, Ciencia ficción', 'PG-13', 115, 'Adam Wingard', 'Rebecca Hall, Brian Tyree Henry',
'https://www.youtube.com/watch?v=qqj12z9f48E',
'Kong y Godzilla se unen para luchar contra una amenaza colosal desconocida que se esconde en nuestro mundo.',
'En Cartelera', 'src\\main\\resources\\Images\\godzillavskong_poster.png', TRUE);


INSERT INTO PELICULA_TRAILER (ID, PELICULA_ID, URL) VALUES (1, 1, 'https://www.youtube.com/watch?v=U2Qp5pL3ovA');
INSERT INTO PELICULA_TRAILER (ID, PELICULA_ID, URL) VALUES (2, 1, 'https://www.youtube.com/watch?v=OtroTrailerDune');
INSERT INTO PELICULA_TRAILER (ID, PELICULA_ID, URL) VALUES (3, 2, 'https://www.youtube.com/watch?v=zAGVQLHvwOY');
INSERT INTO PELICULA_TRAILER (ID, PELICULA_ID, URL) VALUES (4, 3, 'https://www.youtube.com/watch?v=lV1OOlGwExM');

INSERT INTO TARIFA (ID, NOMBRE, PRECIO_BASE, VIGENCIA) VALUES(1, 'Entrada General 2D', 15.00, '2025-01-01');
INSERT INTO TARIFA (ID, NOMBRE, PRECIO_BASE, VIGENCIA) VALUES(2, 'Entrada General 3D', 18.00, '2025-01-01');
INSERT INTO TARIFA (ID, NOMBRE, PRECIO_BASE, VIGENCIA) VALUES(3, 'Entrada VIP',       25.00, '2025-01-01');

INSERT INTO PRODUCTO (ID, NOMBRE, DESCRIPCION, IMAGEN_URL, SABORES, TIPO, PRECIO_LISTA, ESTADO, ESTADO_BOOL) VALUES(1, 'Combo Popcorn', 'Popcorn grande y refresco grande', NULL, 'Original', 'COMIDA', 10.50, 'Disponible', TRUE);
INSERT INTO PRODUCTO (ID, NOMBRE, DESCRIPCION, IMAGEN_URL, SABORES, TIPO, PRECIO_LISTA, ESTADO, ESTADO_BOOL) VALUES(2, 'Perro caliente',       'Hot Dog Clásico con papas', '/Images/Menu/Perro_caliente.png', 'Original', 'COMIDA',  8.75, 'Disponible', TRUE);
INSERT INTO PRODUCTO (ID, NOMBRE, DESCRIPCION, IMAGEN_URL, SABORES, TIPO, PRECIO_LISTA, ESTADO, ESTADO_BOOL) VALUES(3, 'Nachos',        'Nachos con queso y jalapeños',     NULL, 'Original,Extra Queso', 'COMIDA',  9.25, 'Disponible', TRUE);
INSERT INTO PRODUCTO (ID, NOMBRE, DESCRIPCION, IMAGEN_URL, SABORES, TIPO, PRECIO_LISTA, ESTADO, ESTADO_BOOL) VALUES(4, 'Agua',          'Botella de agua (500ml)',          NULL, 'Original', 'BEBIDA',  3.00, 'Disponible', TRUE);
INSERT INTO PRODUCTO (ID, NOMBRE, DESCRIPCION, IMAGEN_URL, SABORES, TIPO, PRECIO_LISTA, ESTADO, ESTADO_BOOL) VALUES(5, 'Crispetas',     'Palomitas de maíz clásicas',       '/Images/Menu/Crispetas.png', 'Dulce,Salada,Mixta', 'COMIDA',  7.50, 'Disponible', TRUE);
INSERT INTO PRODUCTO (ID, NOMBRE, DESCRIPCION, IMAGEN_URL, SABORES, TIPO, PRECIO_LISTA, ESTADO, ESTADO_BOOL) VALUES(6, 'Gaseosa',       'Refresco pequeño (330ml)',         '/Images/Menu/Gaseosas.png', 'CocaCola,Manzana,Naranja', 'BEBIDA',  4.00, 'Disponible', TRUE);
INSERT INTO PRODUCTO (ID, NOMBRE, DESCRIPCION, IMAGEN_URL, SABORES, TIPO, PRECIO_LISTA, ESTADO, ESTADO_BOOL) VALUES(7, 'ICEE',          'Bebida ICEE (pequeña)',            '/Images/Menu/ICEE.png', 'Fresa,Mora_Azul,Limón', 'BEBIDA',  5.00, 'Disponible', TRUE);
INSERT INTO PRODUCTO (ID, NOMBRE, DESCRIPCION, IMAGEN_URL, SABORES, TIPO, PRECIO_LISTA, ESTADO, ESTADO_BOOL) VALUES(8, 'Chocolatas',    'Selección de chocolates y dulces',  '/Images/Menu/Chocolatas.png', 'Snickers,Jet,Jumbo,Hersheys', 'CONFITERIA', 6.50, 'Disponible', TRUE);
INSERT INTO PRODUCTO (ID, NOMBRE, DESCRIPCION, IMAGEN_URL, SABORES, TIPO, PRECIO_LISTA, ESTADO, ESTADO_BOOL) VALUES(9, 'Pipsas',        'Porción de pizza estilo cine',     '/Images/Menu/Pipsas.png', 'Queso,Peperoni,Mixta', 'COMIDA',  11.00, 'Disponible', TRUE);

-- COMBOS
INSERT INTO PRODUCTO (ID, NOMBRE, DESCRIPCION, IMAGEN_URL, SABORES, TIPO, PRECIO_LISTA, ESTADO, ESTADO_BOOL) VALUES(10, 'Shake Up Your Snacking', 'Tus palomitas, tus reglas', '/Images/Combos/Combo_shake_up_your_shaking.png', 'Original', 'COMBO', 14.99, 'Disponible', TRUE);
INSERT INTO PRODUCTO (ID, NOMBRE, DESCRIPCION, IMAGEN_URL, SABORES, TIPO, PRECIO_LISTA, ESTADO, ESTADO_BOOL) VALUES(11, 'Combo Nachos', 'Agregue los palomitas taps de mantequilla como prefiera', '/Images/Combos/Combo_nachos.png', 'Original', 'COMBO', 12.50, 'Disponible', TRUE);
INSERT INTO PRODUCTO (ID, NOMBRE, DESCRIPCION, IMAGEN_URL, SABORES, TIPO, PRECIO_LISTA, ESTADO, ESTADO_BOOL) VALUES(12, 'Snack & Sip', 'Agregue los palomitas taps de mantequilla como prefiera', '/Images/Combos/Combo_snack_sip.png', 'Original', 'COMBO', 13.75, 'Disponible', TRUE);
INSERT INTO PRODUCTO (ID, NOMBRE, DESCRIPCION, IMAGEN_URL, SABORES, TIPO, PRECIO_LISTA, ESTADO, ESTADO_BOOL) VALUES(13, 'Combo Pitufos', 'Donde tus abuelos vivan en emocionantes aventuras con bebidas exclusivas', '/Images/Combos/Combo_pitufos.png', 'Original', 'COMBO', 11.99, 'Disponible', TRUE);
INSERT INTO PRODUCTO (ID, NOMBRE, DESCRIPCION, IMAGEN_URL, SABORES, TIPO, PRECIO_LISTA, ESTADO, ESTADO_BOOL) VALUES(14, 'Gaseosas Exclusivas', 'Disfruta la mejor selección de bebidas', '/Images/Combos/Combo_gaseosas_exclusivas.png', 'CocaCola,Fanta,MrBig,Manzana,Limón', 'COMBO', 8.99, 'Disponible', TRUE);
INSERT INTO PRODUCTO (ID, NOMBRE, DESCRIPCION, IMAGEN_URL, SABORES, TIPO, PRECIO_LISTA, ESTADO, ESTADO_BOOL) VALUES(15, 'Combo Crispetas y Perro', 'Crispetas grandes y hot dog clásico', '/Images/Combos/Combo_crispetas_perro.png', 'Original', 'COMBO', 15.50, 'Disponible', TRUE);

-- Funciones en distintas ciudades y sedes
INSERT INTO FUNCION (ID, FECHA, HORA, ESTADO, DURACION, ESTADO_BOOL, PELICULA_ID, SALA_ID) VALUES(1,  '2025-09-15', '12:50', 'Activa', TIME '02:46:00', TRUE, 1, 1); -- Bogotá / Salitre Plaza
INSERT INTO FUNCION (ID, FECHA, HORA, ESTADO, DURACION, ESTADO_BOOL, PELICULA_ID, SALA_ID) VALUES(2,  '2025-09-15', '15:45', 'Activa', TIME '02:46:00', TRUE, 1, 1);
INSERT INTO FUNCION (ID, FECHA, HORA, ESTADO, DURACION, ESTADO_BOOL, PELICULA_ID, SALA_ID) VALUES(3,  '2025-09-15', '18:45', 'Activa', TIME '02:46:00', TRUE, 1, 2);
INSERT INTO FUNCION (ID, FECHA, HORA, ESTADO, DURACION, ESTADO_BOOL, PELICULA_ID, SALA_ID) VALUES(4,  '2025-09-15', '21:45', 'Activa', TIME '02:46:00', TRUE, 1, 2);

INSERT INTO FUNCION (ID, FECHA, HORA, ESTADO, DURACION, ESTADO_BOOL, PELICULA_ID, SALA_ID) VALUES(5,  '2025-09-15', '13:10', 'Activa', TIME '02:46:00', TRUE, 1, 4); -- Bogotá / Gran Estación
INSERT INTO FUNCION (ID, FECHA, HORA, ESTADO, DURACION, ESTADO_BOOL, PELICULA_ID, SALA_ID) VALUES(6,  '2025-09-15', '19:40', 'Activa', TIME '02:46:00', TRUE, 1, 5);
INSERT INTO FUNCION (ID, FECHA, HORA, ESTADO, DURACION, ESTADO_BOOL, PELICULA_ID, SALA_ID) VALUES(7,  '2025-09-15', '22:40', 'Activa', TIME '02:46:00', TRUE, 1, 5);

INSERT INTO FUNCION (ID, FECHA, HORA, ESTADO, DURACION, ESTADO_BOOL, PELICULA_ID, SALA_ID) VALUES(8,  '2025-09-15', '11:00', 'Activa', TIME '02:46:00', TRUE, 1, 6); -- Bogotá / Parque La Colina
INSERT INTO FUNCION (ID, FECHA, HORA, ESTADO, DURACION, ESTADO_BOOL, PELICULA_ID, SALA_ID) VALUES(9,  '2025-09-15', '11:40', 'Activa', TIME '02:46:00', TRUE, 1, 6);
INSERT INTO FUNCION (ID, FECHA, HORA, ESTADO, DURACION, ESTADO_BOOL, PELICULA_ID, SALA_ID) VALUES(10, '2025-09-15', '12:00', 'Activa', TIME '02:46:00', TRUE, 1, 6);
INSERT INTO FUNCION (ID, FECHA, HORA, ESTADO, DURACION, ESTADO_BOOL, PELICULA_ID, SALA_ID) VALUES(11, '2025-09-15', '13:55', 'Activa', TIME '02:46:00', TRUE, 1, 7);
INSERT INTO FUNCION (ID, FECHA, HORA, ESTADO, DURACION, ESTADO_BOOL, PELICULA_ID, SALA_ID) VALUES(12, '2025-09-15', '15:30', 'Activa', TIME '02:46:00', TRUE, 1, 7);

-- Medellín sedes
INSERT INTO FUNCION (ID, FECHA, HORA, ESTADO, DURACION, ESTADO_BOOL, PELICULA_ID, SALA_ID) VALUES(13, '2025-09-15', '16:10', 'Activa', TIME '02:46:00', TRUE, 1, 8); -- Viva Envigado
INSERT INTO FUNCION (ID, FECHA, HORA, ESTADO, DURACION, ESTADO_BOOL, PELICULA_ID, SALA_ID) VALUES(14, '2025-09-15', '19:10', 'Activa', TIME '02:46:00', TRUE, 1, 9);
INSERT INTO FUNCION (ID, FECHA, HORA, ESTADO, DURACION, ESTADO_BOOL, PELICULA_ID, SALA_ID) VALUES(15, '2025-09-15', '21:30', 'Activa', TIME '02:46:00', TRUE, 1, 9);
INSERT INTO FUNCION (ID, FECHA, HORA, ESTADO, DURACION, ESTADO_BOOL, PELICULA_ID, SALA_ID) VALUES(16, '2025-09-15', '20:30', 'Activa', TIME '02:02:00', TRUE, 2, 10); -- El Tesoro

INSERT INTO SILLA (ID, FILA, NUMERO, TIPO, ESTADO_BOOL, SALA_ID) VALUES(1, 'A', 1, 'Reclinable', TRUE, 1);
INSERT INTO SILLA (ID, FILA, NUMERO, TIPO, ESTADO_BOOL, SALA_ID) VALUES(2, 'A', 2, 'Reclinable', TRUE, 1);
INSERT INTO SILLA (ID, FILA, NUMERO, TIPO, ESTADO_BOOL, SALA_ID) VALUES(3, 'B', 1, 'Reclinable', TRUE, 1);
INSERT INTO SILLA (ID, FILA, NUMERO, TIPO, ESTADO_BOOL, SALA_ID) VALUES(4, 'A', 1, 'Estandar',   TRUE, 2);
INSERT INTO SILLA (ID, FILA, NUMERO, TIPO, ESTADO_BOOL, SALA_ID) VALUES(5, 'A', 2, 'Estandar',   TRUE, 2);
INSERT INTO SILLA (ID, FILA, NUMERO, TIPO, ESTADO_BOOL, SALA_ID) VALUES(6, 'B', 1, 'Estandar',   TRUE, 3);

INSERT INTO COMPRA (ID, TOTAL, FECHA, CLIENTE_ID) VALUES(1, 49.50, '2025-09-15', 2);

INSERT INTO PAGO (ID, METODO, MONTO, ESTADO, ESTADO_BOOL, FECHA, COMPRA_ID) VALUES(1, 'Tarjeta de crédito', 49.50, 'Completado', TRUE, '2025-09-15', 1);

INSERT INTO RESERVA (ID, CODIGO, FECHA_VENCIMIENTO, ESTADO, ESTADO_BOOL, PRECIO_FINAL, CLIENTE_ID, FUNCION_ID) VALUES(1, 'RSV-001', '2025-09-15', 'Pendiente', TRUE, 30.00, 2, 1);

INSERT INTO BOLETO (ID, CODIGO, ESTADO, ESTADO_BOOL, PRECIO_FINAL, COMPRA_ID, FUNCION_ID) VALUES(1, 'BOL-001', 'Usado', FALSE, 15.00, 1, 1);
INSERT INTO BOLETO (ID, CODIGO, ESTADO, ESTADO_BOOL, PRECIO_FINAL, COMPRA_ID, FUNCION_ID) VALUES(2, 'BOL-002', 'Usado', FALSE, 15.00, 1, 1);

--Relaciones
INSERT INTO RESERVA_SILLA (RESERVA_ID, SILLA_ID) VALUES (1, 2);
INSERT INTO RESERVA_SILLA (RESERVA_ID, SILLA_ID) VALUES (1, 3);

INSERT INTO BOLETO_SILLA (BOLETO_ID, SILLA_ID) VALUES (1, 1);
INSERT INTO BOLETO_SILLA (BOLETO_ID, SILLA_ID) VALUES (2, 4);

INSERT INTO COMPRA_PRODUCTO (COMPRA_ID, PRODUCTO_ID, CANTIDAD, PRECIO_UNITARIO, SUBTOTAL) VALUES(1, 1, 1, 10.50, 10.50);
INSERT INTO COMPRA_PRODUCTO (COMPRA_ID, PRODUCTO_ID, CANTIDAD, PRECIO_UNITARIO, SUBTOTAL) VALUES(1, 4, 3,  3.00,  9.00);

INSERT INTO SIGMA_CARD (ID, SALDO, ESTADO) VALUES (2, 50.00, TRUE);
INSERT INTO SIGMA_CARD (ID, SALDO, ESTADO) VALUES (3,  0.00, TRUE);

-- DELETE FROM COMPRA_PRODUCTO WHERE PRODUCTO_ID IN (SELECT ID FROM PRODUCTO WHERE IMAGEN_URL IS NULL);
-- DELETE FROM PRODUCTO WHERE IMAGEN_URL IS NULL;

-- 2025-10-19 - Película 1 (Dune: Part Two)
INSERT INTO FUNCION (ID, FECHA, HORA, ESTADO, DURACION, ESTADO_BOOL, PELICULA_ID, SALA_ID) VALUES
(17, '2025-10-19','13:00','Activa', TIME '02:46:00', TRUE, 1, 1),
(18, '2025-10-19','13:00','Activa', TIME '02:46:00', TRUE, 1, 2),
(19, '2025-10-19','13:00','Activa', TIME '02:46:00', TRUE, 1, 3),
(20, '2025-10-19','13:00','Activa', TIME '02:46:00', TRUE, 1, 4),
(21, '2025-10-19','13:00','Activa', TIME '02:46:00', TRUE, 1, 5),
(22, '2025-10-19','13:00','Activa', TIME '02:46:00', TRUE, 1, 6),
(23, '2025-10-19','13:00','Activa', TIME '02:46:00', TRUE, 1, 7),
(24, '2025-10-19','13:00','Activa', TIME '02:46:00', TRUE, 1, 8),
(25, '2025-10-19','13:00','Activa', TIME '02:46:00', TRUE, 1, 9),
(26, '2025-10-19','13:00','Activa', TIME '02:46:00', TRUE, 1,10);

INSERT INTO FUNCION (ID, FECHA, HORA, ESTADO, DURACION, ESTADO_BOOL, PELICULA_ID, SALA_ID) VALUES
(27, '2025-10-19','16:00','Activa', TIME '02:46:00', TRUE, 1, 1),
(28, '2025-10-19','16:00','Activa', TIME '02:46:00', TRUE, 1, 2),
(29, '2025-10-19','16:00','Activa', TIME '02:46:00', TRUE, 1, 3),
(30, '2025-10-19','16:00','Activa', TIME '02:46:00', TRUE, 1, 4),
(31, '2025-10-19','16:00','Activa', TIME '02:46:00', TRUE, 1, 5),
(32, '2025-10-19','16:00','Activa', TIME '02:46:00', TRUE, 1, 6),
(33, '2025-10-19','16:00','Activa', TIME '02:46:00', TRUE, 1, 7),
(34, '2025-10-19','16:00','Activa', TIME '02:46:00', TRUE, 1, 8),
(35, '2025-10-19','16:00','Activa', TIME '02:46:00', TRUE, 1, 9),
(36, '2025-10-19','16:00','Activa', TIME '02:46:00', TRUE, 1,10);

INSERT INTO FUNCION (ID, FECHA, HORA, ESTADO, DURACION, ESTADO_BOOL, PELICULA_ID, SALA_ID) VALUES
(37, '2025-10-19','19:00','Activa', TIME '02:46:00', TRUE, 1, 1),
(38, '2025-10-19','19:00','Activa', TIME '02:46:00', TRUE, 1, 2),
(39, '2025-10-19','19:00','Activa', TIME '02:46:00', TRUE, 1, 3),
(40, '2025-10-19','19:00','Activa', TIME '02:46:00', TRUE, 1, 4),
(41, '2025-10-19','19:00','Activa', TIME '02:46:00', TRUE, 1, 5),
(42, '2025-10-19','19:00','Activa', TIME '02:46:00', TRUE, 1, 6),
(43, '2025-10-19','19:00','Activa', TIME '02:46:00', TRUE, 1, 7),
(44, '2025-10-19','19:00','Activa', TIME '02:46:00', TRUE, 1, 8),
(45, '2025-10-19','19:00','Activa', TIME '02:46:00', TRUE, 1, 9),
(46, '2025-10-19','19:00','Activa', TIME '02:46:00', TRUE, 1,10);

-- 2025-10-19 - Película 2 (Joker)
INSERT INTO FUNCION (ID, FECHA, HORA, ESTADO, DURACION, ESTADO_BOOL, PELICULA_ID, SALA_ID) VALUES
(47, '2025-10-19','13:00','Activa', TIME '02:02:00', TRUE, 2, 1),
(48, '2025-10-19','13:00','Activa', TIME '02:02:00', TRUE, 2, 2),
(49, '2025-10-19','13:00','Activa', TIME '02:02:00', TRUE, 2, 3),
(50, '2025-10-19','13:00','Activa', TIME '02:02:00', TRUE, 2, 4),
(51, '2025-10-19','13:00','Activa', TIME '02:02:00', TRUE, 2, 5),
(52, '2025-10-19','13:00','Activa', TIME '02:02:00', TRUE, 2, 6),
(53, '2025-10-19','13:00','Activa', TIME '02:02:00', TRUE, 2, 7),
(54, '2025-10-19','13:00','Activa', TIME '02:02:00', TRUE, 2, 8),
(55, '2025-10-19','13:00','Activa', TIME '02:02:00', TRUE, 2, 9),
(56, '2025-10-19','13:00','Activa', TIME '02:02:00', TRUE, 2,10);

INSERT INTO FUNCION (ID, FECHA, HORA, ESTADO, DURACION, ESTADO_BOOL, PELICULA_ID, SALA_ID) VALUES
(57, '2025-10-19','16:00','Activa', TIME '02:02:00', TRUE, 2, 1),
(58, '2025-10-19','16:00','Activa', TIME '02:02:00', TRUE, 2, 2),
(59, '2025-10-19','16:00','Activa', TIME '02:02:00', TRUE, 2, 3),
(60, '2025-10-19','16:00','Activa', TIME '02:02:00', TRUE, 2, 4),
(61, '2025-10-19','16:00','Activa', TIME '02:02:00', TRUE, 2, 5),
(62, '2025-10-19','16:00','Activa', TIME '02:02:00', TRUE, 2, 6),
(63, '2025-10-19','16:00','Activa', TIME '02:02:00', TRUE, 2, 7),
(64, '2025-10-19','16:00','Activa', TIME '02:02:00', TRUE, 2, 8),
(65, '2025-10-19','16:00','Activa', TIME '02:02:00', TRUE, 2, 9),
(66, '2025-10-19','16:00','Activa', TIME '02:02:00', TRUE, 2,10);

INSERT INTO FUNCION (ID, FECHA, HORA, ESTADO, DURACION, ESTADO_BOOL, PELICULA_ID, SALA_ID) VALUES
(67, '2025-10-19','19:00','Activa', TIME '02:02:00', TRUE, 2, 1),
(68, '2025-10-19','19:00','Activa', TIME '02:02:00', TRUE, 2, 2),
(69, '2025-10-19','19:00','Activa', TIME '02:02:00', TRUE, 2, 3),
(70, '2025-10-19','19:00','Activa', TIME '02:02:00', TRUE, 2, 4),
(71, '2025-10-19','19:00','Activa', TIME '02:02:00', TRUE, 2, 5),
(72, '2025-10-19','19:00','Activa', TIME '02:02:00', TRUE, 2, 6),
(73, '2025-10-19','19:00','Activa', TIME '02:02:00', TRUE, 2, 7),
(74, '2025-10-19','19:00','Activa', TIME '02:02:00', TRUE, 2, 8),
(75, '2025-10-19','19:00','Activa', TIME '02:02:00', TRUE, 2, 9),
(76, '2025-10-19','19:00','Activa', TIME '02:02:00', TRUE, 2,10);

-- 2025-10-20 - Película 1 (Dune: Part Two)
INSERT INTO FUNCION (ID, FECHA, HORA, ESTADO, DURACION, ESTADO_BOOL, PELICULA_ID, SALA_ID) VALUES
(77, '2025-10-20','13:00','Activa', TIME '02:46:00', TRUE, 1, 1),
(78, '2025-10-20','13:00','Activa', TIME '02:46:00', TRUE, 1, 2),
(79, '2025-10-20','13:00','Activa', TIME '02:46:00', TRUE, 1, 3),
(80, '2025-10-20','13:00','Activa', TIME '02:46:00', TRUE, 1, 4),
(81, '2025-10-20','13:00','Activa', TIME '02:46:00', TRUE, 1, 5),
(82, '2025-10-20','13:00','Activa', TIME '02:46:00', TRUE, 1, 6),
(83, '2025-10-20','13:00','Activa', TIME '02:46:00', TRUE, 1, 7),
(84, '2025-10-20','13:00','Activa', TIME '02:46:00', TRUE, 1, 8),
(85, '2025-10-20','13:00','Activa', TIME '02:46:00', TRUE, 1, 9),
(86, '2025-10-20','13:00','Activa', TIME '02:46:00', TRUE, 1,10);

INSERT INTO FUNCION (ID, FECHA, HORA, ESTADO, DURACION, ESTADO_BOOL, PELICULA_ID, SALA_ID) VALUES
(87, '2025-10-20','16:00','Activa', TIME '02:46:00', TRUE, 1, 1),
(88, '2025-10-20','16:00','Activa', TIME '02:46:00', TRUE, 1, 2),
(89, '2025-10-20','16:00','Activa', TIME '02:46:00', TRUE, 1, 3),
(90, '2025-10-20','16:00','Activa', TIME '02:46:00', TRUE, 1, 4),
(91, '2025-10-20','16:00','Activa', TIME '02:46:00', TRUE, 1, 5),
(92, '2025-10-20','16:00','Activa', TIME '02:46:00', TRUE, 1, 6),
(93, '2025-10-20','16:00','Activa', TIME '02:46:00', TRUE, 1, 7),
(94, '2025-10-20','16:00','Activa', TIME '02:46:00', TRUE, 1, 8),
(95, '2025-10-20','16:00','Activa', TIME '02:46:00', TRUE, 1, 9),
(96, '2025-10-20','16:00','Activa', TIME '02:46:00', TRUE, 1,10);

INSERT INTO FUNCION (ID, FECHA, HORA, ESTADO, DURACION, ESTADO_BOOL, PELICULA_ID, SALA_ID) VALUES
(97, '2025-10-20','19:00','Activa', TIME '02:46:00', TRUE, 1, 1),
(98, '2025-10-20','19:00','Activa', TIME '02:46:00', TRUE, 1, 2),
(99, '2025-10-20','19:00','Activa', TIME '02:46:00', TRUE, 1, 3),
(100,'2025-10-20','19:00','Activa', TIME '02:46:00', TRUE, 1, 4),
(101,'2025-10-20','19:00','Activa', TIME '02:46:00', TRUE, 1, 5),
(102,'2025-10-20','19:00','Activa', TIME '02:46:00', TRUE, 1, 6),
(103,'2025-10-20','19:00','Activa', TIME '02:46:00', TRUE, 1, 7),
(104,'2025-10-20','19:00','Activa', TIME '02:46:00', TRUE, 1, 8),
(105,'2025-10-20','19:00','Activa', TIME '02:46:00', TRUE, 1, 9),
(106,'2025-10-20','19:00','Activa', TIME '02:46:00', TRUE, 1,10);

-- 2025-10-20 - Película 2 (Joker)
INSERT INTO FUNCION (ID, FECHA, HORA, ESTADO, DURACION, ESTADO_BOOL, PELICULA_ID, SALA_ID) VALUES
(107,'2025-10-20','13:00','Activa', TIME '02:02:00', TRUE, 2, 1),
(108,'2025-10-20','13:00','Activa', TIME '02:02:00', TRUE, 2, 2),
(109,'2025-10-20','13:00','Activa', TIME '02:02:00', TRUE, 2, 3),
(110,'2025-10-20','13:00','Activa', TIME '02:02:00', TRUE, 2, 4),
(111,'2025-10-20','13:00','Activa', TIME '02:02:00', TRUE, 2, 5),
(112,'2025-10-20','13:00','Activa', TIME '02:02:00', TRUE, 2, 6),
(113,'2025-10-20','13:00','Activa', TIME '02:02:00', TRUE, 2, 7),
(114,'2025-10-20','13:00','Activa', TIME '02:02:00', TRUE, 2, 8),
(115,'2025-10-20','13:00','Activa', TIME '02:02:00', TRUE, 2, 9),
(116,'2025-10-20','13:00','Activa', TIME '02:02:00', TRUE, 2,10);

INSERT INTO FUNCION (ID, FECHA, HORA, ESTADO, DURACION, ESTADO_BOOL, PELICULA_ID, SALA_ID) VALUES
(117,'2025-10-20','16:00','Activa', TIME '02:02:00', TRUE, 2, 1),
(118,'2025-10-20','16:00','Activa', TIME '02:02:00', TRUE, 2, 2),
(119,'2025-10-20','16:00','Activa', TIME '02:02:00', TRUE, 2, 3),
(120,'2025-10-20','16:00','Activa', TIME '02:02:00', TRUE, 2, 4),
(121,'2025-10-20','16:00','Activa', TIME '02:02:00', TRUE, 2, 5),
(122,'2025-10-20','16:00','Activa', TIME '02:02:00', TRUE, 2, 6),
(123,'2025-10-20','16:00','Activa', TIME '02:02:00', TRUE, 2, 7),
(124,'2025-10-20','16:00','Activa', TIME '02:02:00', TRUE, 2, 8),
(125,'2025-10-20','16:00','Activa', TIME '02:02:00', TRUE, 2, 9),
(126,'2025-10-20','16:00','Activa', TIME '02:02:00', TRUE, 2,10);

INSERT INTO FUNCION (ID, FECHA, HORA, ESTADO, DURACION, ESTADO_BOOL, PELICULA_ID, SALA_ID) VALUES
(127,'2025-10-20','19:00','Activa', TIME '02:02:00', TRUE, 2, 1),
(128,'2025-10-20','19:00','Activa', TIME '02:02:00', TRUE, 2, 2),
(129,'2025-10-20','19:00','Activa', TIME '02:02:00', TRUE, 2, 3),
(130,'2025-10-20','19:00','Activa', TIME '02:02:00', TRUE, 2, 4),
(131,'2025-10-20','19:00','Activa', TIME '02:02:00', TRUE, 2, 5),
(132,'2025-10-20','19:00','Activa', TIME '02:02:00', TRUE, 2, 6),
(133,'2025-10-20','19:00','Activa', TIME '02:02:00', TRUE, 2, 7),
(134,'2025-10-20','19:00','Activa', TIME '02:02:00', TRUE, 2, 8),
(136,'2025-10-20','19:00','Activa', TIME '02:02:00', TRUE, 2, 9),
(135,'2025-10-20','19:00','Activa', TIME '02:02:00', TRUE, 2,10);

-- Funciones para Godzilla x Kong (PELICULA_ID = 3)
INSERT INTO FUNCION (ID, FECHA, HORA, ESTADO, DURACION, ESTADO_BOOL, PELICULA_ID, SALA_ID) VALUES
(200,'2025-10-19','14:30','Activa', TIME '01:55:00', TRUE, 3, 1),
(201,'2025-10-19','17:15','Activa', TIME '01:55:00', TRUE, 3, 2),
(202,'2025-10-19','20:00','Activa', TIME '01:55:00', TRUE, 3, 3),
(203,'2025-10-20','15:00','Activa', TIME '01:55:00', TRUE, 3, 4),
(204,'2025-10-20','18:30','Activa', TIME '01:55:00', TRUE, 3, 5),
(205,'2025-10-20','21:15','Activa', TIME '01:55:00', TRUE, 3, 6);
